REF_DATE;GEO;DGUID;Month of birth;Characteristics;UOM;UOM_ID;SCALAR_FACTOR;SCALAR_ID;VECTOR;COORDINATE;VALUE;STATUS;SYMBOL;TERMINATED;DECIMALS
1991;Canada, place of residence of mother;2016A000011124;Total, month of birth;Number of live births;Number;223;units;0;v21400536;01.01.2001;403816;;;;0
1992;Canada, place of residence of mother;2016A000011124;Total, month of birth;Number of live births;Number;223;units;0;v21400536;01.01.2001;399109;;;;0
1993;Canada, place of residence of mother;2016A000011124;Total, month of birth;Number of live births;Number;223;units;0;v21400536;01.01.2001;389037;;;;0
1994;Canada, place of residence of mother;2016A000011124;Total, month of birth;Number of live births;Number;223;units;0;v21400536;01.01.2001;386243;;;;0
1995;Canada, place of residence of mother;2016A000011124;Total, month of birth;Number of live births;Number;223;units;0;v21400536;01.01.2001;378685;;;;0
1996;Canada, place of residence of mother;2016A000011124;Total, month of birth;Number of live births;Number;223;units;0;v21400536;01.01.2001;366833;;;;0
1997;Canada, place of residence of mother;2016A000011124;Total, month of birth;Number of live births;Number;223;units;0;v21400536;01.01.2001;349543;;;;0
1998;Canada, place of residence of mother;2016A000011124;Total, month of birth;Number of live births;Number;223;units;0;v21400536;01.01.2001;342966;;;;0
1999;Canada, place of residence of mother;2016A000011124;Total, month of birth;Number of live births;Number;223;units;0;v21400536;01.01.2001;337821;;;;0
2000;Canada, place of residence of mother;2016A000011124;Total, month of birth;Number of live births;Number;223;units;0;v21400536;01.01.2001;328596;;;;0
2001;Canada, place of residence of mother;2016A000011124;Total, month of birth;Number of live births;Number;223;units;0;v21400536;01.01.2001;334615;;;;0
2002;Canada, place of residence of mother;2016A000011124;Total, month of birth;Number of live births;Number;223;units;0;v21400536;01.01.2001;329894;;;;0
2003;Canada, place of residence of mother;2016A000011124;Total, month of birth;Number of live births;Number;223;units;0;v21400536;01.01.2001;336352;;;;0
2004;Canada, place of residence of mother;2016A000011124;Total, month of birth;Number of live births;Number;223;units;0;v21400536;01.01.2001;339012;;;;0
2005;Canada, place of residence of mother;2016A000011124;Total, month of birth;Number of live births;Number;223;units;0;v21400536;01.01.2001;345365;;;;0
2006;Canada, place of residence of mother;2016A000011124;Total, month of birth;Number of live births;Number;223;units;0;v21400536;01.01.2001;357921;;;;0
2007;Canada, place of residence of mother;2016A000011124;Total, month of birth;Number of live births;Number;223;units;0;v21400536;01.01.2001;370369;;;;0
2008;Canada, place of residence of mother;2016A000011124;Total, month of birth;Number of live births;Number;223;units;0;v21400536;01.01.2001;381860;;;;0
2009;Canada, place of residence of mother;2016A000011124;Total, month of birth;Number of live births;Number;223;units;0;v21400536;01.01.2001;384651;;;;0
2010;Canada, place of residence of mother;2016A000011124;Total, month of birth;Number of live births;Number;223;units;0;v21400536;01.01.2001;379191;;;;0
2011;Canada, place of residence of mother;2016A000011124;Total, month of birth;Number of live births;Number;223;units;0;v21400536;01.01.2001;379244;;;;0
2012;Canada, place of residence of mother;2016A000011124;Total, month of birth;Number of live births;Number;223;units;0;v21400536;01.01.2001;383101;;;;0
2013;Canada, place of residence of mother;2016A000011124;Total, month of birth;Number of live births;Number;223;units;0;v21400536;01.01.2001;381054;;;;0
2014;Canada, place of residence of mother;2016A000011124;Total, month of birth;Number of live births;Number;223;units;0;v21400536;01.01.2001;384577;;;;0
2015;Canada, place of residence of mother;2016A000011124;Total, month of birth;Number of live births;Number;223;units;0;v21400536;01.01.2001;382979;;;;0
2016;Canada, place of residence of mother;2016A000011124;Total, month of birth;Number of live births;Number;223;units;0;v21400536;01.01.2001;384023;;;;0
2017;Canada, place of residence of mother;2016A000011124;Total, month of birth;Number of live births;Number;223;units;0;v21400536;01.01.2001;377627;;;;0
2018;Canada, place of residence of mother;2016A000011124;Total, month of birth;Number of live births;Number;223;units;0;v21400536;01.01.2001;374617;;;;0
2019;Canada, place of residence of mother;2016A000011124;Total, month of birth;Number of live births;Number;223;units;0;v21400536;01.01.2001;372978;;;;0
2020;Canada, place of residence of mother;2016A000011124;Total, month of birth;Number of live births;Number;223;units;0;v21400536;01.01.2001;360552;;;;0
2021;Canada, place of residence of mother;2016A000011124;Total, month of birth;Number of live births;Number;223;units;0;v21400536;01.01.2001;367684;;;;0
1991;Canada, place of residence of mother;2016A000011124;Month of birth, January;Number of live births;Number;223;units;0;v21400538;01.02.2001;32213;;;;0
1992;Canada, place of residence of mother;2016A000011124;Month of birth, January;Number of live births;Number;223;units;0;v21400538;01.02.2001;31982;;;;0
1993;Canada, place of residence of mother;2016A000011124;Month of birth, January;Number of live births;Number;223;units;0;v21400538;01.02.2001;31031;;;;0
1994;Canada, place of residence of mother;2016A000011124;Month of birth, January;Number of live births;Number;223;units;0;v21400538;01.02.2001;30310;;;;0
1995;Canada, place of residence of mother;2016A000011124;Month of birth, January;Number of live births;Number;223;units;0;v21400538;01.02.2001;30006;;;;0
1996;Canada, place of residence of mother;2016A000011124;Month of birth, January;Number of live births;Number;223;units;0;v21400538;01.02.2001;29435;;;;0
1997;Canada, place of residence of mother;2016A000011124;Month of birth, January;Number of live births;Number;223;units;0;v21400538;01.02.2001;28473;;;;0
1998;Canada, place of residence of mother;2016A000011124;Month of birth, January;Number of live births;Number;223;units;0;v21400538;01.02.2001;27246;;;;0
1999;Canada, place of residence of mother;2016A000011124;Month of birth, January;Number of live births;Number;223;units;0;v21400538;01.02.2001;26996;;;;0
2000;Canada, place of residence of mother;2016A000011124;Month of birth, January;Number of live births;Number;223;units;0;v21400538;01.02.2001;27288;;;;0
2001;Canada, place of residence of mother;2016A000011124;Month of birth, January;Number of live births;Number;223;units;0;v21400538;01.02.2001;26823;;;;0
2002;Canada, place of residence of mother;2016A000011124;Month of birth, January;Number of live births;Number;223;units;0;v21400538;01.02.2001;26853;;;;0
2003;Canada, place of residence of mother;2016A000011124;Month of birth, January;Number of live births;Number;223;units;0;v21400538;01.02.2001;26360;;;;0
2004;Canada, place of residence of mother;2016A000011124;Month of birth, January;Number of live births;Number;223;units;0;v21400538;01.02.2001;27145;;;;0
2005;Canada, place of residence of mother;2016A000011124;Month of birth, January;Number of live births;Number;223;units;0;v21400538;01.02.2001;27338;;;;0
2006;Canada, place of residence of mother;2016A000011124;Month of birth, January;Number of live births;Number;223;units;0;v21400538;01.02.2001;28247;;;;0
2007;Canada, place of residence of mother;2016A000011124;Month of birth, January;Number of live births;Number;223;units;0;v21400538;01.02.2001;29272;;;;0
2008;Canada, place of residence of mother;2016A000011124;Month of birth, January;Number of live births;Number;223;units;0;v21400538;01.02.2001;30494;;;;0
2009;Canada, place of residence of mother;2016A000011124;Month of birth, January;Number of live births;Number;223;units;0;v21400538;01.02.2001;30667;;;;0
2010;Canada, place of residence of mother;2016A000011124;Month of birth, January;Number of live births;Number;223;units;0;v21400538;01.02.2001;30504;;;;0
2011;Canada, place of residence of mother;2016A000011124;Month of birth, January;Number of live births;Number;223;units;0;v21400538;01.02.2001;30367;;;;0
2012;Canada, place of residence of mother;2016A000011124;Month of birth, January;Number of live births;Number;223;units;0;v21400538;01.02.2001;30697;;;;0
2013;Canada, place of residence of mother;2016A000011124;Month of birth, January;Number of live births;Number;223;units;0;v21400538;01.02.2001;31165;;;;0
2014;Canada, place of residence of mother;2016A000011124;Month of birth, January;Number of live births;Number;223;units;0;v21400538;01.02.2001;31332;;;;0
2015;Canada, place of residence of mother;2016A000011124;Month of birth, January;Number of live births;Number;223;units;0;v21400538;01.02.2001;31032;;;;0
2016;Canada, place of residence of mother;2016A000011124;Month of birth, January;Number of live births;Number;223;units;0;v21400538;01.02.2001;30629;;;;0
2017;Canada, place of residence of mother;2016A000011124;Month of birth, January;Number of live births;Number;223;units;0;v21400538;01.02.2001;30349;;;;0
2018;Canada, place of residence of mother;2016A000011124;Month of birth, January;Number of live births;Number;223;units;0;v21400538;01.02.2001;30516;;;;0
2019;Canada, place of residence of mother;2016A000011124;Month of birth, January;Number of live births;Number;223;units;0;v21400538;01.02.2001;30165;;;;0
2020;Canada, place of residence of mother;2016A000011124;Month of birth, January;Number of live births;Number;223;units;0;v21400538;01.02.2001;30164;;;;0
2021;Canada, place of residence of mother;2016A000011124;Month of birth, January;Number of live births;Number;223;units;0;v21400538;01.02.2001;27611;;;;0
1991;Canada, place of residence of mother;2016A000011124;Month of birth, February;Number of live births;Number;223;units;0;v21400540;01.03.2001;30345;;;;0
1992;Canada, place of residence of mother;2016A000011124;Month of birth, February;Number of live births;Number;223;units;0;v21400540;01.03.2001;31572;;;;0
1993;Canada, place of residence of mother;2016A000011124;Month of birth, February;Number of live births;Number;223;units;0;v21400540;01.03.2001;29601;;;;0
1994;Canada, place of residence of mother;2016A000011124;Month of birth, February;Number of live births;Number;223;units;0;v21400540;01.03.2001;29242;;;;0
1995;Canada, place of residence of mother;2016A000011124;Month of birth, February;Number of live births;Number;223;units;0;v21400540;01.03.2001;29076;;;;0
1996;Canada, place of residence of mother;2016A000011124;Month of birth, February;Number of live births;Number;223;units;0;v21400540;01.03.2001;28843;;;;0
1997;Canada, place of residence of mother;2016A000011124;Month of birth, February;Number of live births;Number;223;units;0;v21400540;01.03.2001;26621;;;;0
1998;Canada, place of residence of mother;2016A000011124;Month of birth, February;Number of live births;Number;223;units;0;v21400540;01.03.2001;26484;;;;0
1999;Canada, place of residence of mother;2016A000011124;Month of birth, February;Number of live births;Number;223;units;0;v21400540;01.03.2001;25691;;;;0
2000;Canada, place of residence of mother;2016A000011124;Month of birth, February;Number of live births;Number;223;units;0;v21400540;01.03.2001;26245;;;;0
2001;Canada, place of residence of mother;2016A000011124;Month of birth, February;Number of live births;Number;223;units;0;v21400540;01.03.2001;25447;;;;0
2002;Canada, place of residence of mother;2016A000011124;Month of birth, February;Number of live births;Number;223;units;0;v21400540;01.03.2001;24814;;;;0
2003;Canada, place of residence of mother;2016A000011124;Month of birth, February;Number of live births;Number;223;units;0;v21400540;01.03.2001;24980;;;;0
2004;Canada, place of residence of mother;2016A000011124;Month of birth, February;Number of live births;Number;223;units;0;v21400540;01.03.2001;25815;;;;0
2005;Canada, place of residence of mother;2016A000011124;Month of birth, February;Number of live births;Number;223;units;0;v21400540;01.03.2001;25123;;;;0
2006;Canada, place of residence of mother;2016A000011124;Month of birth, February;Number of live births;Number;223;units;0;v21400540;01.03.2001;26253;;;;0
2007;Canada, place of residence of mother;2016A000011124;Month of birth, February;Number of live births;Number;223;units;0;v21400540;01.03.2001;27121;;;;0
2008;Canada, place of residence of mother;2016A000011124;Month of birth, February;Number of live births;Number;223;units;0;v21400540;01.03.2001;29391;;;;0
2009;Canada, place of residence of mother;2016A000011124;Month of birth, February;Number of live births;Number;223;units;0;v21400540;01.03.2001;28544;;;;0
2010;Canada, place of residence of mother;2016A000011124;Month of birth, February;Number of live births;Number;223;units;0;v21400540;01.03.2001;27878;;;;0
2011;Canada, place of residence of mother;2016A000011124;Month of birth, February;Number of live births;Number;223;units;0;v21400540;01.03.2001;28096;;;;0
2012;Canada, place of residence of mother;2016A000011124;Month of birth, February;Number of live births;Number;223;units;0;v21400540;01.03.2001;29262;;;;0
2013;Canada, place of residence of mother;2016A000011124;Month of birth, February;Number of live births;Number;223;units;0;v21400540;01.03.2001;28536;;;;0
2014;Canada, place of residence of mother;2016A000011124;Month of birth, February;Number of live births;Number;223;units;0;v21400540;01.03.2001;28505;;;;0
2015;Canada, place of residence of mother;2016A000011124;Month of birth, February;Number of live births;Number;223;units;0;v21400540;01.03.2001;28342;;;;0
2016;Canada, place of residence of mother;2016A000011124;Month of birth, February;Number of live births;Number;223;units;0;v21400540;01.03.2001;29365;;;;0
2017;Canada, place of residence of mother;2016A000011124;Month of birth, February;Number of live births;Number;223;units;0;v21400540;01.03.2001;28305;;;;0
2018;Canada, place of residence of mother;2016A000011124;Month of birth, February;Number of live births;Number;223;units;0;v21400540;01.03.2001;27677;;;;0
2019;Canada, place of residence of mother;2016A000011124;Month of birth, February;Number of live births;Number;223;units;0;v21400540;01.03.2001;27473;;;;0
2020;Canada, place of residence of mother;2016A000011124;Month of birth, February;Number of live births;Number;223;units;0;v21400540;01.03.2001;27884;;;;0
2021;Canada, place of residence of mother;2016A000011124;Month of birth, February;Number of live births;Number;223;units;0;v21400540;01.03.2001;27252;;;;0
1991;Canada, place of residence of mother;2016A000011124;Month of birth, March;Number of live births;Number;223;units;0;v21400542;01.04.2001;34869;;;;0
1992;Canada, place of residence of mother;2016A000011124;Month of birth, March;Number of live births;Number;223;units;0;v21400542;01.04.2001;34972;;;;0
1993;Canada, place of residence of mother;2016A000011124;Month of birth, March;Number of live births;Number;223;units;0;v21400542;01.04.2001;34339;;;;0
1994;Canada, place of residence of mother;2016A000011124;Month of birth, March;Number of live births;Number;223;units;0;v21400542;01.04.2001;34155;;;;0
1995;Canada, place of residence of mother;2016A000011124;Month of birth, March;Number of live births;Number;223;units;0;v21400542;01.04.2001;33448;;;;0
1996;Canada, place of residence of mother;2016A000011124;Month of birth, March;Number of live births;Number;223;units;0;v21400542;01.04.2001;31816;;;;0
1997;Canada, place of residence of mother;2016A000011124;Month of birth, March;Number of live births;Number;223;units;0;v21400542;01.04.2001;30096;;;;0
1998;Canada, place of residence of mother;2016A000011124;Month of birth, March;Number of live births;Number;223;units;0;v21400542;01.04.2001;29821;;;;0
1999;Canada, place of residence of mother;2016A000011124;Month of birth, March;Number of live births;Number;223;units;0;v21400542;01.04.2001;29330;;;;0
2000;Canada, place of residence of mother;2016A000011124;Month of birth, March;Number of live births;Number;223;units;0;v21400542;01.04.2001;29277;;;;0
2001;Canada, place of residence of mother;2016A000011124;Month of birth, March;Number of live births;Number;223;units;0;v21400542;01.04.2001;29261;;;;0
2002;Canada, place of residence of mother;2016A000011124;Month of birth, March;Number of live births;Number;223;units;0;v21400542;01.04.2001;27901;;;;0
2003;Canada, place of residence of mother;2016A000011124;Month of birth, March;Number of live births;Number;223;units;0;v21400542;01.04.2001;28198;;;;0
2004;Canada, place of residence of mother;2016A000011124;Month of birth, March;Number of live births;Number;223;units;0;v21400542;01.04.2001;29041;;;;0
2005;Canada, place of residence of mother;2016A000011124;Month of birth, March;Number of live births;Number;223;units;0;v21400542;01.04.2001;29503;;;;0
2006;Canada, place of residence of mother;2016A000011124;Month of birth, March;Number of live births;Number;223;units;0;v21400542;01.04.2001;29800;;;;0
2007;Canada, place of residence of mother;2016A000011124;Month of birth, March;Number of live births;Number;223;units;0;v21400542;01.04.2001;30555;;;;0
2008;Canada, place of residence of mother;2016A000011124;Month of birth, March;Number of live births;Number;223;units;0;v21400542;01.04.2001;31221;;;;0
2009;Canada, place of residence of mother;2016A000011124;Month of birth, March;Number of live births;Number;223;units;0;v21400542;01.04.2001;32266;;;;0
2010;Canada, place of residence of mother;2016A000011124;Month of birth, March;Number of live births;Number;223;units;0;v21400542;01.04.2001;32434;;;;0
2011;Canada, place of residence of mother;2016A000011124;Month of birth, March;Number of live births;Number;223;units;0;v21400542;01.04.2001;31450;;;;0
2012;Canada, place of residence of mother;2016A000011124;Month of birth, March;Number of live births;Number;223;units;0;v21400542;01.04.2001;31464;;;;0
2013;Canada, place of residence of mother;2016A000011124;Month of birth, March;Number of live births;Number;223;units;0;v21400542;01.04.2001;31322;;;;0
2014;Canada, place of residence of mother;2016A000011124;Month of birth, March;Number of live births;Number;223;units;0;v21400542;01.04.2001;31689;;;;0
2015;Canada, place of residence of mother;2016A000011124;Month of birth, March;Number of live births;Number;223;units;0;v21400542;01.04.2001;31415;;;;0
2016;Canada, place of residence of mother;2016A000011124;Month of birth, March;Number of live births;Number;223;units;0;v21400542;01.04.2001;32158;;;;0
2017;Canada, place of residence of mother;2016A000011124;Month of birth, March;Number of live births;Number;223;units;0;v21400542;01.04.2001;31351;;;;0
2018;Canada, place of residence of mother;2016A000011124;Month of birth, March;Number of live births;Number;223;units;0;v21400542;01.04.2001;31131;;;;0
2019;Canada, place of residence of mother;2016A000011124;Month of birth, March;Number of live births;Number;223;units;0;v21400542;01.04.2001;30689;;;;0
2020;Canada, place of residence of mother;2016A000011124;Month of birth, March;Number of live births;Number;223;units;0;v21400542;01.04.2001;30568;;;;0
2021;Canada, place of residence of mother;2016A000011124;Month of birth, March;Number of live births;Number;223;units;0;v21400542;01.04.2001;31512;;;;0
1991;Canada, place of residence of mother;2016A000011124;Month of birth, April;Number of live births;Number;223;units;0;v21400544;01.05.2001;35398;;;;0
1992;Canada, place of residence of mother;2016A000011124;Month of birth, April;Number of live births;Number;223;units;0;v21400544;01.05.2001;35265;;;;0
1993;Canada, place of residence of mother;2016A000011124;Month of birth, April;Number of live births;Number;223;units;0;v21400544;01.05.2001;34196;;;;0
1994;Canada, place of residence of mother;2016A000011124;Month of birth, April;Number of live births;Number;223;units;0;v21400544;01.05.2001;33228;;;;0
1995;Canada, place of residence of mother;2016A000011124;Month of birth, April;Number of live births;Number;223;units;0;v21400544;01.05.2001;31765;;;;0
1996;Canada, place of residence of mother;2016A000011124;Month of birth, April;Number of live births;Number;223;units;0;v21400544;01.05.2001;31834;;;;0
1997;Canada, place of residence of mother;2016A000011124;Month of birth, April;Number of live births;Number;223;units;0;v21400544;01.05.2001;30737;;;;0
1998;Canada, place of residence of mother;2016A000011124;Month of birth, April;Number of live births;Number;223;units;0;v21400544;01.05.2001;30314;;;;0
1999;Canada, place of residence of mother;2016A000011124;Month of birth, April;Number of live births;Number;223;units;0;v21400544;01.05.2001;28592;;;;0
2000;Canada, place of residence of mother;2016A000011124;Month of birth, April;Number of live births;Number;223;units;0;v21400544;01.05.2001;28257;;;;0
2001;Canada, place of residence of mother;2016A000011124;Month of birth, April;Number of live births;Number;223;units;0;v21400544;01.05.2001;28894;;;;0
2002;Canada, place of residence of mother;2016A000011124;Month of birth, April;Number of live births;Number;223;units;0;v21400544;01.05.2001;27739;;;;0
2003;Canada, place of residence of mother;2016A000011124;Month of birth, April;Number of live births;Number;223;units;0;v21400544;01.05.2001;27932;;;;0
2004;Canada, place of residence of mother;2016A000011124;Month of birth, April;Number of live births;Number;223;units;0;v21400544;01.05.2001;28538;;;;0
2005;Canada, place of residence of mother;2016A000011124;Month of birth, April;Number of live births;Number;223;units;0;v21400544;01.05.2001;29139;;;;0
2006;Canada, place of residence of mother;2016A000011124;Month of birth, April;Number of live births;Number;223;units;0;v21400544;01.05.2001;28917;;;;0
2007;Canada, place of residence of mother;2016A000011124;Month of birth, April;Number of live births;Number;223;units;0;v21400544;01.05.2001;30187;;;;0
2008;Canada, place of residence of mother;2016A000011124;Month of birth, April;Number of live births;Number;223;units;0;v21400544;01.05.2001;31517;;;;0
2009;Canada, place of residence of mother;2016A000011124;Month of birth, April;Number of live births;Number;223;units;0;v21400544;01.05.2001;31788;;;;0
2010;Canada, place of residence of mother;2016A000011124;Month of birth, April;Number of live births;Number;223;units;0;v21400544;01.05.2001;31607;;;;0
2011;Canada, place of residence of mother;2016A000011124;Month of birth, April;Number of live births;Number;223;units;0;v21400544;01.05.2001;30869;;;;0
2012;Canada, place of residence of mother;2016A000011124;Month of birth, April;Number of live births;Number;223;units;0;v21400544;01.05.2001;31010;;;;0
2013;Canada, place of residence of mother;2016A000011124;Month of birth, April;Number of live births;Number;223;units;0;v21400544;01.05.2001;30818;;;;0
2014;Canada, place of residence of mother;2016A000011124;Month of birth, April;Number of live births;Number;223;units;0;v21400544;01.05.2001;31109;;;;0
2015;Canada, place of residence of mother;2016A000011124;Month of birth, April;Number of live births;Number;223;units;0;v21400544;01.05.2001;31600;;;;0
2016;Canada, place of residence of mother;2016A000011124;Month of birth, April;Number of live births;Number;223;units;0;v21400544;01.05.2001;31664;;;;0
2017;Canada, place of residence of mother;2016A000011124;Month of birth, April;Number of live births;Number;223;units;0;v21400544;01.05.2001;30701;;;;0
2018;Canada, place of residence of mother;2016A000011124;Month of birth, April;Number of live births;Number;223;units;0;v21400544;01.05.2001;30404;;;;0
2019;Canada, place of residence of mother;2016A000011124;Month of birth, April;Number of live births;Number;223;units;0;v21400544;01.05.2001;30441;;;;0
2020;Canada, place of residence of mother;2016A000011124;Month of birth, April;Number of live births;Number;223;units;0;v21400544;01.05.2001;30092;;;;0
2021;Canada, place of residence of mother;2016A000011124;Month of birth, April;Number of live births;Number;223;units;0;v21400544;01.05.2001;30188;;;;0
1991;Canada, place of residence of mother;2016A000011124;Month of birth, May;Number of live births;Number;223;units;0;v21400546;01.06.2001;36371;;;;0
1992;Canada, place of residence of mother;2016A000011124;Month of birth, May;Number of live births;Number;223;units;0;v21400546;01.06.2001;36096;;;;0
1993;Canada, place of residence of mother;2016A000011124;Month of birth, May;Number of live births;Number;223;units;0;v21400546;01.06.2001;34857;;;;0
1994;Canada, place of residence of mother;2016A000011124;Month of birth, May;Number of live births;Number;223;units;0;v21400546;01.06.2001;34576;;;;0
1995;Canada, place of residence of mother;2016A000011124;Month of birth, May;Number of live births;Number;223;units;0;v21400546;01.06.2001;34593;;;;0
1996;Canada, place of residence of mother;2016A000011124;Month of birth, May;Number of live births;Number;223;units;0;v21400546;01.06.2001;33150;;;;0
1997;Canada, place of residence of mother;2016A000011124;Month of birth, May;Number of live births;Number;223;units;0;v21400546;01.06.2001;31834;;;;0
1998;Canada, place of residence of mother;2016A000011124;Month of birth, May;Number of live births;Number;223;units;0;v21400546;01.06.2001;30877;;;;0
1999;Canada, place of residence of mother;2016A000011124;Month of birth, May;Number of live births;Number;223;units;0;v21400546;01.06.2001;30051;;;;0
2000;Canada, place of residence of mother;2016A000011124;Month of birth, May;Number of live births;Number;223;units;0;v21400546;01.06.2001;29881;;;;0
2001;Canada, place of residence of mother;2016A000011124;Month of birth, May;Number of live births;Number;223;units;0;v21400546;01.06.2001;29970;;;;0
2002;Canada, place of residence of mother;2016A000011124;Month of birth, May;Number of live births;Number;223;units;0;v21400546;01.06.2001;28892;;;;0
2003;Canada, place of residence of mother;2016A000011124;Month of birth, May;Number of live births;Number;223;units;0;v21400546;01.06.2001;29505;;;;0
2004;Canada, place of residence of mother;2016A000011124;Month of birth, May;Number of live births;Number;223;units;0;v21400546;01.06.2001;28870;;;;0
2005;Canada, place of residence of mother;2016A000011124;Month of birth, May;Number of live births;Number;223;units;0;v21400546;01.06.2001;30032;;;;0
2006;Canada, place of residence of mother;2016A000011124;Month of birth, May;Number of live births;Number;223;units;0;v21400546;01.06.2001;31264;;;;0
2007;Canada, place of residence of mother;2016A000011124;Month of birth, May;Number of live births;Number;223;units;0;v21400546;01.06.2001;31986;;;;0
2008;Canada, place of residence of mother;2016A000011124;Month of birth, May;Number of live births;Number;223;units;0;v21400546;01.06.2001;32930;;;;0
2009;Canada, place of residence of mother;2016A000011124;Month of birth, May;Number of live births;Number;223;units;0;v21400546;01.06.2001;33119;;;;0
2010;Canada, place of residence of mother;2016A000011124;Month of birth, May;Number of live births;Number;223;units;0;v21400546;01.06.2001;32084;;;;0
2011;Canada, place of residence of mother;2016A000011124;Month of birth, May;Number of live births;Number;223;units;0;v21400546;01.06.2001;32640;;;;0
2012;Canada, place of residence of mother;2016A000011124;Month of birth, May;Number of live births;Number;223;units;0;v21400546;01.06.2001;32826;;;;0
2013;Canada, place of residence of mother;2016A000011124;Month of birth, May;Number of live births;Number;223;units;0;v21400546;01.06.2001;32951;;;;0
2014;Canada, place of residence of mother;2016A000011124;Month of birth, May;Number of live births;Number;223;units;0;v21400546;01.06.2001;33510;;;;0
2015;Canada, place of residence of mother;2016A000011124;Month of birth, May;Number of live births;Number;223;units;0;v21400546;01.06.2001;32677;;;;0
2016;Canada, place of residence of mother;2016A000011124;Month of birth, May;Number of live births;Number;223;units;0;v21400546;01.06.2001;32708;;;;0
2017;Canada, place of residence of mother;2016A000011124;Month of birth, May;Number of live births;Number;223;units;0;v21400546;01.06.2001;32359;;;;0
2018;Canada, place of residence of mother;2016A000011124;Month of birth, May;Number of live births;Number;223;units;0;v21400546;01.06.2001;32844;;;;0
2019;Canada, place of residence of mother;2016A000011124;Month of birth, May;Number of live births;Number;223;units;0;v21400546;01.06.2001;32214;;;;0
2020;Canada, place of residence of mother;2016A000011124;Month of birth, May;Number of live births;Number;223;units;0;v21400546;01.06.2001;31297;;;;0
2021;Canada, place of residence of mother;2016A000011124;Month of birth, May;Number of live births;Number;223;units;0;v21400546;01.06.2001;32057;;;;0
1991;Canada, place of residence of mother;2016A000011124;Month of birth, June;Number of live births;Number;223;units;0;v21400548;01.07.2001;34378;;;;0
1992;Canada, place of residence of mother;2016A000011124;Month of birth, June;Number of live births;Number;223;units;0;v21400548;01.07.2001;33832;;;;0
1993;Canada, place of residence of mother;2016A000011124;Month of birth, June;Number of live births;Number;223;units;0;v21400548;01.07.2001;33497;;;;0
1994;Canada, place of residence of mother;2016A000011124;Month of birth, June;Number of live births;Number;223;units;0;v21400548;01.07.2001;33707;;;;0
1995;Canada, place of residence of mother;2016A000011124;Month of birth, June;Number of live births;Number;223;units;0;v21400548;01.07.2001;33055;;;;0
1996;Canada, place of residence of mother;2016A000011124;Month of birth, June;Number of live births;Number;223;units;0;v21400548;01.07.2001;31368;;;;0
1997;Canada, place of residence of mother;2016A000011124;Month of birth, June;Number of live births;Number;223;units;0;v21400548;01.07.2001;30077;;;;0
1998;Canada, place of residence of mother;2016A000011124;Month of birth, June;Number of live births;Number;223;units;0;v21400548;01.07.2001;29399;;;;0
1999;Canada, place of residence of mother;2016A000011124;Month of birth, June;Number of live births;Number;223;units;0;v21400548;01.07.2001;29387;;;;0
2000;Canada, place of residence of mother;2016A000011124;Month of birth, June;Number of live births;Number;223;units;0;v21400548;01.07.2001;28820;;;;0
2001;Canada, place of residence of mother;2016A000011124;Month of birth, June;Number of live births;Number;223;units;0;v21400548;01.07.2001;28638;;;;0
2002;Canada, place of residence of mother;2016A000011124;Month of birth, June;Number of live births;Number;223;units;0;v21400548;01.07.2001;27350;;;;0
2003;Canada, place of residence of mother;2016A000011124;Month of birth, June;Number of live births;Number;223;units;0;v21400548;01.07.2001;28320;;;;0
2004;Canada, place of residence of mother;2016A000011124;Month of birth, June;Number of live births;Number;223;units;0;v21400548;01.07.2001;28885;;;;0
2005;Canada, place of residence of mother;2016A000011124;Month of birth, June;Number of live births;Number;223;units;0;v21400548;01.07.2001;29980;;;;0
2006;Canada, place of residence of mother;2016A000011124;Month of birth, June;Number of live births;Number;223;units;0;v21400548;01.07.2001;30431;;;;0
2007;Canada, place of residence of mother;2016A000011124;Month of birth, June;Number of live births;Number;223;units;0;v21400548;01.07.2001;31805;;;;0
2008;Canada, place of residence of mother;2016A000011124;Month of birth, June;Number of live births;Number;223;units;0;v21400548;01.07.2001;31996;;;;0
2009;Canada, place of residence of mother;2016A000011124;Month of birth, June;Number of live births;Number;223;units;0;v21400548;01.07.2001;32562;;;;0
2010;Canada, place of residence of mother;2016A000011124;Month of birth, June;Number of live births;Number;223;units;0;v21400548;01.07.2001;31947;;;;0
2011;Canada, place of residence of mother;2016A000011124;Month of birth, June;Number of live births;Number;223;units;0;v21400548;01.07.2001;32506;;;;0
2012;Canada, place of residence of mother;2016A000011124;Month of birth, June;Number of live births;Number;223;units;0;v21400548;01.07.2001;31760;;;;0
2013;Canada, place of residence of mother;2016A000011124;Month of birth, June;Number of live births;Number;223;units;0;v21400548;01.07.2001;31735;;;;0
2014;Canada, place of residence of mother;2016A000011124;Month of birth, June;Number of live births;Number;223;units;0;v21400548;01.07.2001;32205;;;;0
2015;Canada, place of residence of mother;2016A000011124;Month of birth, June;Number of live births;Number;223;units;0;v21400548;01.07.2001;32546;;;;0
2016;Canada, place of residence of mother;2016A000011124;Month of birth, June;Number of live births;Number;223;units;0;v21400548;01.07.2001;32409;;;;0
2017;Canada, place of residence of mother;2016A000011124;Month of birth, June;Number of live births;Number;223;units;0;v21400548;01.07.2001;32176;;;;0
2018;Canada, place of residence of mother;2016A000011124;Month of birth, June;Number of live births;Number;223;units;0;v21400548;01.07.2001;31773;;;;0
2019;Canada, place of residence of mother;2016A000011124;Month of birth, June;Number of live births;Number;223;units;0;v21400548;01.07.2001;31596;;;;0
2020;Canada, place of residence of mother;2016A000011124;Month of birth, June;Number of live births;Number;223;units;0;v21400548;01.07.2001;30386;;;;0
2021;Canada, place of residence of mother;2016A000011124;Month of birth, June;Number of live births;Number;223;units;0;v21400548;01.07.2001;32242;;;;0
1991;Canada, place of residence of mother;2016A000011124;Month of birth, July;Number of live births;Number;223;units;0;v21400550;01.08.2001;35436;;;;0
1992;Canada, place of residence of mother;2016A000011124;Month of birth, July;Number of live births;Number;223;units;0;v21400550;01.08.2001;35260;;;;0
1993;Canada, place of residence of mother;2016A000011124;Month of birth, July;Number of live births;Number;223;units;0;v21400550;01.08.2001;34008;;;;0
1994;Canada, place of residence of mother;2016A000011124;Month of birth, July;Number of live births;Number;223;units;0;v21400550;01.08.2001;33758;;;;0
1995;Canada, place of residence of mother;2016A000011124;Month of birth, July;Number of live births;Number;223;units;0;v21400550;01.08.2001;33339;;;;0
1996;Canada, place of residence of mother;2016A000011124;Month of birth, July;Number of live births;Number;223;units;0;v21400550;01.08.2001;32493;;;;0
1997;Canada, place of residence of mother;2016A000011124;Month of birth, July;Number of live births;Number;223;units;0;v21400550;01.08.2001;31114;;;;0
1998;Canada, place of residence of mother;2016A000011124;Month of birth, July;Number of live births;Number;223;units;0;v21400550;01.08.2001;30329;;;;0
1999;Canada, place of residence of mother;2016A000011124;Month of birth, July;Number of live births;Number;223;units;0;v21400550;01.08.2001;30227;;;;0
2000;Canada, place of residence of mother;2016A000011124;Month of birth, July;Number of live births;Number;223;units;0;v21400550;01.08.2001;28606;;;;0
2001;Canada, place of residence of mother;2016A000011124;Month of birth, July;Number of live births;Number;223;units;0;v21400550;01.08.2001;29169;;;;0
2002;Canada, place of residence of mother;2016A000011124;Month of birth, July;Number of live births;Number;223;units;0;v21400550;01.08.2001;29099;;;;0
2003;Canada, place of residence of mother;2016A000011124;Month of birth, July;Number of live births;Number;223;units;0;v21400550;01.08.2001;30400;;;;0
2004;Canada, place of residence of mother;2016A000011124;Month of birth, July;Number of live births;Number;223;units;0;v21400550;01.08.2001;29655;;;;0
2005;Canada, place of residence of mother;2016A000011124;Month of birth, July;Number of live births;Number;223;units;0;v21400550;01.08.2001;30464;;;;0
2006;Canada, place of residence of mother;2016A000011124;Month of birth, July;Number of live births;Number;223;units;0;v21400550;01.08.2001;31155;;;;0
2007;Canada, place of residence of mother;2016A000011124;Month of birth, July;Number of live births;Number;223;units;0;v21400550;01.08.2001;32613;;;;0
2008;Canada, place of residence of mother;2016A000011124;Month of birth, July;Number of live births;Number;223;units;0;v21400550;01.08.2001;34205;;;;0
2009;Canada, place of residence of mother;2016A000011124;Month of birth, July;Number of live births;Number;223;units;0;v21400550;01.08.2001;34623;;;;0
2010;Canada, place of residence of mother;2016A000011124;Month of birth, July;Number of live births;Number;223;units;0;v21400550;01.08.2001;32896;;;;0
2011;Canada, place of residence of mother;2016A000011124;Month of birth, July;Number of live births;Number;223;units;0;v21400550;01.08.2001;33823;;;;0
2012;Canada, place of residence of mother;2016A000011124;Month of birth, July;Number of live births;Number;223;units;0;v21400550;01.08.2001;33632;;;;0
2013;Canada, place of residence of mother;2016A000011124;Month of birth, July;Number of live births;Number;223;units;0;v21400550;01.08.2001;34087;;;;0
2014;Canada, place of residence of mother;2016A000011124;Month of birth, July;Number of live births;Number;223;units;0;v21400550;01.08.2001;34874;;;;0
2015;Canada, place of residence of mother;2016A000011124;Month of birth, July;Number of live births;Number;223;units;0;v21400550;01.08.2001;34697;;;;0
2016;Canada, place of residence of mother;2016A000011124;Month of birth, July;Number of live births;Number;223;units;0;v21400550;01.08.2001;34233;;;;0
2017;Canada, place of residence of mother;2016A000011124;Month of birth, July;Number of live births;Number;223;units;0;v21400550;01.08.2001;33595;;;;0
2018;Canada, place of residence of mother;2016A000011124;Month of birth, July;Number of live births;Number;223;units;0;v21400550;01.08.2001;33270;;;;0
2019;Canada, place of residence of mother;2016A000011124;Month of birth, July;Number of live births;Number;223;units;0;v21400550;01.08.2001;33965;;;;0
2020;Canada, place of residence of mother;2016A000011124;Month of birth, July;Number of live births;Number;223;units;0;v21400550;01.08.2001;32404;;;;0
2021;Canada, place of residence of mother;2016A000011124;Month of birth, July;Number of live births;Number;223;units;0;v21400550;01.08.2001;33447;;;;0
1991;Canada, place of residence of mother;2016A000011124;Month of birth, August;Number of live births;Number;223;units;0;v21400552;01.09.2001;34421;;;;0
1992;Canada, place of residence of mother;2016A000011124;Month of birth, August;Number of live births;Number;223;units;0;v21400552;01.09.2001;32970;;;;0
1993;Canada, place of residence of mother;2016A000011124;Month of birth, August;Number of live births;Number;223;units;0;v21400552;01.09.2001;32768;;;;0
1994;Canada, place of residence of mother;2016A000011124;Month of birth, August;Number of live births;Number;223;units;0;v21400552;01.09.2001;33019;;;;0
1995;Canada, place of residence of mother;2016A000011124;Month of birth, August;Number of live births;Number;223;units;0;v21400552;01.09.2001;32814;;;;0
1996;Canada, place of residence of mother;2016A000011124;Month of birth, August;Number of live births;Number;223;units;0;v21400552;01.09.2001;31334;;;;0
1997;Canada, place of residence of mother;2016A000011124;Month of birth, August;Number of live births;Number;223;units;0;v21400552;01.09.2001;29321;;;;0
1998;Canada, place of residence of mother;2016A000011124;Month of birth, August;Number of live births;Number;223;units;0;v21400552;01.09.2001;28998;;;;0
1999;Canada, place of residence of mother;2016A000011124;Month of birth, August;Number of live births;Number;223;units;0;v21400552;01.09.2001;28444;;;;0
2000;Canada, place of residence of mother;2016A000011124;Month of birth, August;Number of live births;Number;223;units;0;v21400552;01.09.2001;27802;;;;0
2001;Canada, place of residence of mother;2016A000011124;Month of birth, August;Number of live births;Number;223;units;0;v21400552;01.09.2001;28874;;;;0
2002;Canada, place of residence of mother;2016A000011124;Month of birth, August;Number of live births;Number;223;units;0;v21400552;01.09.2001;28798;;;;0
2003;Canada, place of residence of mother;2016A000011124;Month of birth, August;Number of live births;Number;223;units;0;v21400552;01.09.2001;29093;;;;0
2004;Canada, place of residence of mother;2016A000011124;Month of birth, August;Number of live births;Number;223;units;0;v21400552;01.09.2001;29257;;;;0
2005;Canada, place of residence of mother;2016A000011124;Month of birth, August;Number of live births;Number;223;units;0;v21400552;01.09.2001;30353;;;;0
2006;Canada, place of residence of mother;2016A000011124;Month of birth, August;Number of live births;Number;223;units;0;v21400552;01.09.2001;32134;;;;0
2007;Canada, place of residence of mother;2016A000011124;Month of birth, August;Number of live births;Number;223;units;0;v21400552;01.09.2001;33191;;;;0
2008;Canada, place of residence of mother;2016A000011124;Month of birth, August;Number of live births;Number;223;units;0;v21400552;01.09.2001;33249;;;;0
2009;Canada, place of residence of mother;2016A000011124;Month of birth, August;Number of live births;Number;223;units;0;v21400552;01.09.2001;33558;;;;0
2010;Canada, place of residence of mother;2016A000011124;Month of birth, August;Number of live births;Number;223;units;0;v21400552;01.09.2001;32896;;;;0
2011;Canada, place of residence of mother;2016A000011124;Month of birth, August;Number of live births;Number;223;units;0;v21400552;01.09.2001;33677;;;;0
2012;Canada, place of residence of mother;2016A000011124;Month of birth, August;Number of live births;Number;223;units;0;v21400552;01.09.2001;34548;;;;0
2013;Canada, place of residence of mother;2016A000011124;Month of birth, August;Number of live births;Number;223;units;0;v21400552;01.09.2001;33832;;;;0
2014;Canada, place of residence of mother;2016A000011124;Month of birth, August;Number of live births;Number;223;units;0;v21400552;01.09.2001;33848;;;;0
2015;Canada, place of residence of mother;2016A000011124;Month of birth, August;Number of live births;Number;223;units;0;v21400552;01.09.2001;33521;;;;0
2016;Canada, place of residence of mother;2016A000011124;Month of birth, August;Number of live births;Number;223;units;0;v21400552;01.09.2001;34429;;;;0
2017;Canada, place of residence of mother;2016A000011124;Month of birth, August;Number of live births;Number;223;units;0;v21400552;01.09.2001;33735;;;;0
2018;Canada, place of residence of mother;2016A000011124;Month of birth, August;Number of live births;Number;223;units;0;v21400552;01.09.2001;33626;;;;0
2019;Canada, place of residence of mother;2016A000011124;Month of birth, August;Number of live births;Number;223;units;0;v21400552;01.09.2001;33454;;;;0
2020;Canada, place of residence of mother;2016A000011124;Month of birth, August;Number of live births;Number;223;units;0;v21400552;01.09.2001;31415;;;;0
2021;Canada, place of residence of mother;2016A000011124;Month of birth, August;Number of live births;Number;223;units;0;v21400552;01.09.2001;32744;;;;0
1991;Canada, place of residence of mother;2016A000011124;Month of birth, September;Number of live births;Number;223;units;0;v21400554;01.10.2001;34410;;;;0
1992;Canada, place of residence of mother;2016A000011124;Month of birth, September;Number of live births;Number;223;units;0;v21400554;01.10.2001;33709;;;;0
1993;Canada, place of residence of mother;2016A000011124;Month of birth, September;Number of live births;Number;223;units;0;v21400554;01.10.2001;33224;;;;0
1994;Canada, place of residence of mother;2016A000011124;Month of birth, September;Number of live births;Number;223;units;0;v21400554;01.10.2001;32711;;;;0
1995;Canada, place of residence of mother;2016A000011124;Month of birth, September;Number of live births;Number;223;units;0;v21400554;01.10.2001;32608;;;;0
1996;Canada, place of residence of mother;2016A000011124;Month of birth, September;Number of live births;Number;223;units;0;v21400554;01.10.2001;30928;;;;0
1997;Canada, place of residence of mother;2016A000011124;Month of birth, September;Number of live births;Number;223;units;0;v21400554;01.10.2001;29322;;;;0
1998;Canada, place of residence of mother;2016A000011124;Month of birth, September;Number of live births;Number;223;units;0;v21400554;01.10.2001;29703;;;;0
1999;Canada, place of residence of mother;2016A000011124;Month of birth, September;Number of live births;Number;223;units;0;v21400554;01.10.2001;29254;;;;0
2000;Canada, place of residence of mother;2016A000011124;Month of birth, September;Number of live births;Number;223;units;0;v21400554;01.10.2001;26954;;;;0
2001;Canada, place of residence of mother;2016A000011124;Month of birth, September;Number of live births;Number;223;units;0;v21400554;01.10.2001;28327;;;;0
2002;Canada, place of residence of mother;2016A000011124;Month of birth, September;Number of live births;Number;223;units;0;v21400554;01.10.2001;28997;;;;0
2003;Canada, place of residence of mother;2016A000011124;Month of birth, September;Number of live births;Number;223;units;0;v21400554;01.10.2001;29662;;;;0
2004;Canada, place of residence of mother;2016A000011124;Month of birth, September;Number of live births;Number;223;units;0;v21400554;01.10.2001;29588;;;;0
2005;Canada, place of residence of mother;2016A000011124;Month of birth, September;Number of live births;Number;223;units;0;v21400554;01.10.2001;30398;;;;0
2006;Canada, place of residence of mother;2016A000011124;Month of birth, September;Number of live births;Number;223;units;0;v21400554;01.10.2001;31903;;;;0
2007;Canada, place of residence of mother;2016A000011124;Month of birth, September;Number of live births;Number;223;units;0;v21400554;01.10.2001;32301;;;;0
2008;Canada, place of residence of mother;2016A000011124;Month of birth, September;Number of live births;Number;223;units;0;v21400554;01.10.2001;34108;;;;0
2009;Canada, place of residence of mother;2016A000011124;Month of birth, September;Number of live births;Number;223;units;0;v21400554;01.10.2001;34105;;;;0
2010;Canada, place of residence of mother;2016A000011124;Month of birth, September;Number of live births;Number;223;units;0;v21400554;01.10.2001;33554;;;;0
2011;Canada, place of residence of mother;2016A000011124;Month of birth, September;Number of live births;Number;223;units;0;v21400554;01.10.2001;33569;;;;0
2012;Canada, place of residence of mother;2016A000011124;Month of birth, September;Number of live births;Number;223;units;0;v21400554;01.10.2001;33351;;;;0
2013;Canada, place of residence of mother;2016A000011124;Month of birth, September;Number of live births;Number;223;units;0;v21400554;01.10.2001;33126;;;;0
2014;Canada, place of residence of mother;2016A000011124;Month of birth, September;Number of live births;Number;223;units;0;v21400554;01.10.2001;33892;;;;0
2015;Canada, place of residence of mother;2016A000011124;Month of birth, September;Number of live births;Number;223;units;0;v21400554;01.10.2001;33688;;;;0
2016;Canada, place of residence of mother;2016A000011124;Month of birth, September;Number of live births;Number;223;units;0;v21400554;01.10.2001;34093;;;;0
2017;Canada, place of residence of mother;2016A000011124;Month of birth, September;Number of live births;Number;223;units;0;v21400554;01.10.2001;32875;;;;0
2018;Canada, place of residence of mother;2016A000011124;Month of birth, September;Number of live births;Number;223;units;0;v21400554;01.10.2001;32394;;;;0
2019;Canada, place of residence of mother;2016A000011124;Month of birth, September;Number of live births;Number;223;units;0;v21400554;01.10.2001;32446;;;;0
2020;Canada, place of residence of mother;2016A000011124;Month of birth, September;Number of live births;Number;223;units;0;v21400554;01.10.2001;31048;;;;0
2021;Canada, place of residence of mother;2016A000011124;Month of birth, September;Number of live births;Number;223;units;0;v21400554;01.10.2001;32542;;;;0
1991;Canada, place of residence of mother;2016A000011124;Month of birth, October;Number of live births;Number;223;units;0;v21400556;01.11.2001;33092;;;;0
1992;Canada, place of residence of mother;2016A000011124;Month of birth, October;Number of live births;Number;223;units;0;v21400556;01.11.2001;32188;;;;0
1993;Canada, place of residence of mother;2016A000011124;Month of birth, October;Number of live births;Number;223;units;0;v21400556;01.11.2001;31336;;;;0
1994;Canada, place of residence of mother;2016A000011124;Month of birth, October;Number of live births;Number;223;units;0;v21400556;01.11.2001;31037;;;;0
1995;Canada, place of residence of mother;2016A000011124;Month of birth, October;Number of live births;Number;223;units;0;v21400556;01.11.2001;30807;;;;0
1996;Canada, place of residence of mother;2016A000011124;Month of birth, October;Number of live births;Number;223;units;0;v21400556;01.11.2001;29944;;;;0
1997;Canada, place of residence of mother;2016A000011124;Month of birth, October;Number of live births;Number;223;units;0;v21400556;01.11.2001;28336;;;;0
1998;Canada, place of residence of mother;2016A000011124;Month of birth, October;Number of live births;Number;223;units;0;v21400556;01.11.2001;27940;;;;0
1999;Canada, place of residence of mother;2016A000011124;Month of birth, October;Number of live births;Number;223;units;0;v21400556;01.11.2001;27257;;;;0
2000;Canada, place of residence of mother;2016A000011124;Month of birth, October;Number of live births;Number;223;units;0;v21400556;01.11.2001;25899;;;;0
2001;Canada, place of residence of mother;2016A000011124;Month of birth, October;Number of live births;Number;223;units;0;v21400556;01.11.2001;27713;;;;0
2002;Canada, place of residence of mother;2016A000011124;Month of birth, October;Number of live births;Number;223;units;0;v21400556;01.11.2001;27968;;;;0
2003;Canada, place of residence of mother;2016A000011124;Month of birth, October;Number of live births;Number;223;units;0;v21400556;01.11.2001;28947;;;;0
2004;Canada, place of residence of mother;2016A000011124;Month of birth, October;Number of live births;Number;223;units;0;v21400556;01.11.2001;28283;;;;0
2005;Canada, place of residence of mother;2016A000011124;Month of birth, October;Number of live births;Number;223;units;0;v21400556;01.11.2001;28956;;;;0
2006;Canada, place of residence of mother;2016A000011124;Month of birth, October;Number of live births;Number;223;units;0;v21400556;01.11.2001;30695;;;;0
2007;Canada, place of residence of mother;2016A000011124;Month of birth, October;Number of live births;Number;223;units;0;v21400556;01.11.2001;31974;;;;0
2008;Canada, place of residence of mother;2016A000011124;Month of birth, October;Number of live births;Number;223;units;0;v21400556;01.11.2001;32856;;;;0
2009;Canada, place of residence of mother;2016A000011124;Month of birth, October;Number of live births;Number;223;units;0;v21400556;01.11.2001;33101;;;;0
2010;Canada, place of residence of mother;2016A000011124;Month of birth, October;Number of live births;Number;223;units;0;v21400556;01.11.2001;32692;;;;0
2011;Canada, place of residence of mother;2016A000011124;Month of birth, October;Number of live births;Number;223;units;0;v21400556;01.11.2001;32040;;;;0
2012;Canada, place of residence of mother;2016A000011124;Month of birth, October;Number of live births;Number;223;units;0;v21400556;01.11.2001;33071;;;;0
2013;Canada, place of residence of mother;2016A000011124;Month of birth, October;Number of live births;Number;223;units;0;v21400556;01.11.2001;32687;;;;0
2014;Canada, place of residence of mother;2016A000011124;Month of birth, October;Number of live births;Number;223;units;0;v21400556;01.11.2001;32880;;;;0
2015;Canada, place of residence of mother;2016A000011124;Month of birth, October;Number of live births;Number;223;units;0;v21400556;01.11.2001;32510;;;;0
2016;Canada, place of residence of mother;2016A000011124;Month of birth, October;Number of live births;Number;223;units;0;v21400556;01.11.2001;32140;;;;0
2017;Canada, place of residence of mother;2016A000011124;Month of birth, October;Number of live births;Number;223;units;0;v21400556;01.11.2001;31984;;;;0
2018;Canada, place of residence of mother;2016A000011124;Month of birth, October;Number of live births;Number;223;units;0;v21400556;01.11.2001;31730;;;;0
2019;Canada, place of residence of mother;2016A000011124;Month of birth, October;Number of live births;Number;223;units;0;v21400556;01.11.2001;31667;;;;0
2020;Canada, place of residence of mother;2016A000011124;Month of birth, October;Number of live births;Number;223;units;0;v21400556;01.11.2001;30084;;;;0
2021;Canada, place of residence of mother;2016A000011124;Month of birth, October;Number of live births;Number;223;units;0;v21400556;01.11.2001;31006;;;;0
1991;Canada, place of residence of mother;2016A000011124;Month of birth, November;Number of live births;Number;223;units;0;v21400558;01.12.2001;30766;;;;0
1992;Canada, place of residence of mother;2016A000011124;Month of birth, November;Number of live births;Number;223;units;0;v21400558;01.12.2001;30165;;;;0
1993;Canada, place of residence of mother;2016A000011124;Month of birth, November;Number of live births;Number;223;units;0;v21400558;01.12.2001;29582;;;;0
1994;Canada, place of residence of mother;2016A000011124;Month of birth, November;Number of live births;Number;223;units;0;v21400558;01.12.2001;29982;;;;0
1995;Canada, place of residence of mother;2016A000011124;Month of birth, November;Number of live births;Number;223;units;0;v21400558;01.12.2001;28770;;;;0
1996;Canada, place of residence of mother;2016A000011124;Month of birth, November;Number of live births;Number;223;units;0;v21400558;01.12.2001;27384;;;;0
1997;Canada, place of residence of mother;2016A000011124;Month of birth, November;Number of live births;Number;223;units;0;v21400558;01.12.2001;26334;;;;0
1998;Canada, place of residence of mother;2016A000011124;Month of birth, November;Number of live births;Number;223;units;0;v21400558;01.12.2001;25461;;;;0
1999;Canada, place of residence of mother;2016A000011124;Month of birth, November;Number of live births;Number;223;units;0;v21400558;01.12.2001;25708;;;;0
2000;Canada, place of residence of mother;2016A000011124;Month of birth, November;Number of live births;Number;223;units;0;v21400558;01.12.2001;24968;;;;0
2001;Canada, place of residence of mother;2016A000011124;Month of birth, November;Number of live births;Number;223;units;0;v21400558;01.12.2001;25892;;;;0
2002;Canada, place of residence of mother;2016A000011124;Month of birth, November;Number of live births;Number;223;units;0;v21400558;01.12.2001;25921;;;;0
2003;Canada, place of residence of mother;2016A000011124;Month of birth, November;Number of live births;Number;223;units;0;v21400558;01.12.2001;26206;;;;0
2004;Canada, place of residence of mother;2016A000011124;Month of birth, November;Number of live births;Number;223;units;0;v21400558;01.12.2001;26871;;;;0
2005;Canada, place of residence of mother;2016A000011124;Month of birth, November;Number of live births;Number;223;units;0;v21400558;01.12.2001;27163;;;;0
2006;Canada, place of residence of mother;2016A000011124;Month of birth, November;Number of live births;Number;223;units;0;v21400558;01.12.2001;28742;;;;0
2007;Canada, place of residence of mother;2016A000011124;Month of birth, November;Number of live births;Number;223;units;0;v21400558;01.12.2001;29925;;;;0
2008;Canada, place of residence of mother;2016A000011124;Month of birth, November;Number of live births;Number;223;units;0;v21400558;01.12.2001;29721;;;;0
2009;Canada, place of residence of mother;2016A000011124;Month of birth, November;Number of live births;Number;223;units;0;v21400558;01.12.2001;30242;;;;0
2010;Canada, place of residence of mother;2016A000011124;Month of birth, November;Number of live births;Number;223;units;0;v21400558;01.12.2001;30308;;;;0
2011;Canada, place of residence of mother;2016A000011124;Month of birth, November;Number of live births;Number;223;units;0;v21400558;01.12.2001;30527;;;;0
2012;Canada, place of residence of mother;2016A000011124;Month of birth, November;Number of live births;Number;223;units;0;v21400558;01.12.2001;31160;;;;0
2013;Canada, place of residence of mother;2016A000011124;Month of birth, November;Number of live births;Number;223;units;0;v21400558;01.12.2001;30045;;;;0
2014;Canada, place of residence of mother;2016A000011124;Month of birth, November;Number of live births;Number;223;units;0;v21400558;01.12.2001;30432;;;;0
2015;Canada, place of residence of mother;2016A000011124;Month of birth, November;Number of live births;Number;223;units;0;v21400558;01.12.2001;30387;;;;0
2016;Canada, place of residence of mother;2016A000011124;Month of birth, November;Number of live births;Number;223;units;0;v21400558;01.12.2001;30246;;;;0
2017;Canada, place of residence of mother;2016A000011124;Month of birth, November;Number of live births;Number;223;units;0;v21400558;01.12.2001;30410;;;;0
2018;Canada, place of residence of mother;2016A000011124;Month of birth, November;Number of live births;Number;223;units;0;v21400558;01.12.2001;29923;;;;0
2019;Canada, place of residence of mother;2016A000011124;Month of birth, November;Number of live births;Number;223;units;0;v21400558;01.12.2001;29558;;;;0
2020;Canada, place of residence of mother;2016A000011124;Month of birth, November;Number of live births;Number;223;units;0;v21400558;01.12.2001;27750;;;;0
2021;Canada, place of residence of mother;2016A000011124;Month of birth, November;Number of live births;Number;223;units;0;v21400558;01.12.2001;29140;;;;0
1991;Canada, place of residence of mother;2016A000011124;Month of birth, December;Number of live births;Number;223;units;0;v21400560;1.13.1;32117;;;;0
1992;Canada, place of residence of mother;2016A000011124;Month of birth, December;Number of live births;Number;223;units;0;v21400560;1.13.1;31098;;;;0
1993;Canada, place of residence of mother;2016A000011124;Month of birth, December;Number of live births;Number;223;units;0;v21400560;1.13.1;30598;;;;0
1994;Canada, place of residence of mother;2016A000011124;Month of birth, December;Number of live births;Number;223;units;0;v21400560;1.13.1;30518;;;;0
1995;Canada, place of residence of mother;2016A000011124;Month of birth, December;Number of live births;Number;223;units;0;v21400560;1.13.1;28404;;;;0
1996;Canada, place of residence of mother;2016A000011124;Month of birth, December;Number of live births;Number;223;units;0;v21400560;1.13.1;28304;;;;0
1997;Canada, place of residence of mother;2016A000011124;Month of birth, December;Number of live births;Number;223;units;0;v21400560;1.13.1;27278;;;;0
1998;Canada, place of residence of mother;2016A000011124;Month of birth, December;Number of live births;Number;223;units;0;v21400560;1.13.1;26394;;;;0
1999;Canada, place of residence of mother;2016A000011124;Month of birth, December;Number of live births;Number;223;units;0;v21400560;1.13.1;26884;;;;0
2000;Canada, place of residence of mother;2016A000011124;Month of birth, December;Number of live births;Number;223;units;0;v21400560;1.13.1;24599;;;;0
2001;Canada, place of residence of mother;2016A000011124;Month of birth, December;Number of live births;Number;223;units;0;v21400560;1.13.1;25607;;;;0
2002;Canada, place of residence of mother;2016A000011124;Month of birth, December;Number of live births;Number;223;units;0;v21400560;1.13.1;25562;;;;0
2003;Canada, place of residence of mother;2016A000011124;Month of birth, December;Number of live births;Number;223;units;0;v21400560;1.13.1;26749;;;;0
2004;Canada, place of residence of mother;2016A000011124;Month of birth, December;Number of live births;Number;223;units;0;v21400560;1.13.1;27064;;;;0
2005;Canada, place of residence of mother;2016A000011124;Month of birth, December;Number of live births;Number;223;units;0;v21400560;1.13.1;26916;;;;0
2006;Canada, place of residence of mother;2016A000011124;Month of birth, December;Number of live births;Number;223;units;0;v21400560;1.13.1;28380;;;;0
2007;Canada, place of residence of mother;2016A000011124;Month of birth, December;Number of live births;Number;223;units;0;v21400560;1.13.1;29439;;;;0
2008;Canada, place of residence of mother;2016A000011124;Month of birth, December;Number of live births;Number;223;units;0;v21400560;1.13.1;30172;;;;0
2009;Canada, place of residence of mother;2016A000011124;Month of birth, December;Number of live births;Number;223;units;0;v21400560;1.13.1;30076;;;;0
2010;Canada, place of residence of mother;2016A000011124;Month of birth, December;Number of live births;Number;223;units;0;v21400560;1.13.1;30391;;;;0
2011;Canada, place of residence of mother;2016A000011124;Month of birth, December;Number of live births;Number;223;units;0;v21400560;1.13.1;29680;;;;0
2012;Canada, place of residence of mother;2016A000011124;Month of birth, December;Number of live births;Number;223;units;0;v21400560;1.13.1;30320;;;;0
2013;Canada, place of residence of mother;2016A000011124;Month of birth, December;Number of live births;Number;223;units;0;v21400560;1.13.1;30750;;;;0
2014;Canada, place of residence of mother;2016A000011124;Month of birth, December;Number of live births;Number;223;units;0;v21400560;1.13.1;30301;;;;0
2015;Canada, place of residence of mother;2016A000011124;Month of birth, December;Number of live births;Number;223;units;0;v21400560;1.13.1;30564;;;;0
2016;Canada, place of residence of mother;2016A000011124;Month of birth, December;Number of live births;Number;223;units;0;v21400560;1.13.1;29949;;;;0
2017;Canada, place of residence of mother;2016A000011124;Month of birth, December;Number of live births;Number;223;units;0;v21400560;1.13.1;29787;;;;0
2018;Canada, place of residence of mother;2016A000011124;Month of birth, December;Number of live births;Number;223;units;0;v21400560;1.13.1;29329;;;;0
2019;Canada, place of residence of mother;2016A000011124;Month of birth, December;Number of live births;Number;223;units;0;v21400560;1.13.1;29310;;;;0
2020;Canada, place of residence of mother;2016A000011124;Month of birth, December;Number of live births;Number;223;units;0;v21400560;1.13.1;27460;;;;0
2021;Canada, place of residence of mother;2016A000011124;Month of birth, December;Number of live births;Number;223;units;0;v21400560;1.13.1;27943;;;;0
